word,count
became,182
began,80
families,54
blague,49
abilities,27
signified,27
getelementsbytagname,20
copies,19
comedies,18
varieties,18
authorities,18
entries,16
tragedies,16
earliest,15
signifies,15
galaxies,15
boxes,15
onreadystatechange,15
accompanied,14
theories,14
identified,14
freakin,13
dictu,13
humanities,12
beneficiaries,12
marries,12
mensch,12
parties,12
specialties,11
ideologies,11
returnees,11
online,11
knives,11
catalog,11
seventies,10
surgeries,10
cookies,10
async,10
addeventlistener,10
multi,9
cries,9
assemblies,9
condo,9
terrified,9
specified,9
gooey,9
mystified,9
sapiens,8
postcards,8
twenties,8
contemporaries,8
difficulties,8
novelties,8
atrocities,8
countries,8
possibilities,8
enemies,8
daumont,7
macho,7
cavities,7
googling,7
innards,7
amplified,7
padded,7
websites,7
emails,7
viaggio,7
anxieties,7
attendees,7
armies,7
spaldeen,6
crammed,6
policies,6
glamor,6
injuries,6
gazillion,6
lifeforms,6
hosannahed,6
vagance,6
apercus,6
deprivilegization,6
singularities,6
googlesearch,6
traif,6
texere,6
textus,6
textor,6
infinitum,6
signifie,6
doozy,6
doodoo,6
dreck,6
poupe,6
minoritarian,6
identitarianism,6
narrativizing,6
suffixizationality,6
jokey,6
brindle,6
amate,6
tuchas,6
fucking,6
factories,6
dysgeographica,6
peonies,6
ligawin,6
chalazae,6
instrumentum,6
heavier,5
homines,5
identities,5
zillion,5
flashbacks,5
applies,5
versa,5
justified,5
primatologist,5
peculiarities,5
worries,5
embodies,5
makeup,5
ceremonies,5
colonies,5
properties,5
menschdom,5
bombings,5
googled,5
facilities,5
cranwiches,5
societies,5
quarries,5
didgeridoo,5
denominalized,5
localities,5
wealthier,5
tzaddikim,5
dynasties,5
erbear,5
easiliest,5
innerhtml,5
iframe,5
